{"cameraMode":{"drawMode":0,"name":"Shaded","section":"Shading Mode"},"sceneLighting":true,"audioPlay":false,"sceneViewState":{"showFog":true,"showMaterialUpdate":false,"showSkybox":true,"showFlares":true,"showImageEffects":true,"showParticleSystems":true},"in2DMode":false,"pivot":{"x":0.1439337134361267,"y":4.405337333679199,"z":8.002029418945313},"rotation":{"x":-0.03237545117735863,"y":0.15764611959457398,"z":-0.004681355785578489,"w":-0.9868749380111694},"size":0.9054405093193054,"orthographic":false}