{"cameraMode":{"drawMode":0,"name":"Shaded","section":"Shading Mode"},"sceneLighting":true,"audioPlay":false,"sceneViewState":{"showFog":true,"showMaterialUpdate":false,"showSkybox":true,"showFlares":true,"showImageEffects":true,"showParticleSystems":true},"in2DMode":false,"pivot":{"x":4.127017498016357,"y":5.125778675079346,"z":12.495723724365235},"rotation":{"x":0.022203417494893075,"y":0.017687952145934106,"z":-0.0007616179063916206,"w":0.9995115995407105},"size":8.117708206176758,"orthographic":false}