{"cameraMode":{"drawMode":0,"name":"Shaded","section":"Shading Mode"},"sceneLighting":true,"audioPlay":false,"sceneViewState":{"showFog":true,"showMaterialUpdate":false,"showSkybox":true,"showFlares":true,"showImageEffects":true,"showParticleSystems":true},"in2DMode":false,"pivot":{"x":2.306680679321289,"y":-1.5945918560028077,"z":10.53611946105957},"rotation":{"x":0.09060683101415634,"y":-0.10767675191164017,"z":0.009318520314991475,"w":0.9899241328239441},"size":22.0,"orthographic":false}