{"cameraMode":{"drawMode":0,"name":"Shaded","section":"Shading Mode"},"sceneLighting":false,"audioPlay":false,"sceneViewState":{"showFog":true,"showMaterialUpdate":false,"showSkybox":false,"showFlares":true,"showImageEffects":true,"showParticleSystems":true},"in2DMode":false,"pivot":{"x":0.01763916015625,"y":106.50825500488281,"z":8.21429443359375},"rotation":{"x":-0.047199297696352008,"y":0.7192385196685791,"z":0.048564761877059939,"w":0.6912751197814941},"size":2359.28564453125,"orthographic":false}