{"cameraMode":{"drawMode":0,"name":"Shaded","section":"Shading Mode"},"sceneLighting":true,"audioPlay":false,"sceneViewState":{"showFog":true,"showMaterialUpdate":false,"showSkybox":true,"showFlares":true,"showImageEffects":true,"showParticleSystems":true},"in2DMode":false,"pivot":{"x":0.0,"y":5.429999828338623,"z":6.389999866485596},"rotation":{"x":0.002542843809351325,"y":-0.9942532181739807,"z":0.10448743402957916,"w":0.019335631281137468},"size":6.2264275550842289,"orthographic":false}